{"last_tab":"","appset_layout_style":"semirounded","preloader_display":"default","custom_preloader":{"url":"http:\/\/jthemes.org\/wp\/appset\/demos\/wp-content\/themes\/appset\/images\/preloader.png","id":"","height":"","width":"","thumbnail":"","title":"","caption":"","alt":"","description":""},"google_map_api":"","search_placeholder":"Search...","admin_logo":{"url":"http:\/\/jthemes.org\/wp\/appset\/demos\/wp-content\/themes\/appset\/images\/logo.png","id":"","height":"","width":"","thumbnail":"","title":"","caption":"","alt":"","description":""},"vc_admin_view":"full","logo_type":"image","logo":{"url":"http:\/\/jthemes.org\/wp\/appset\/demos\/wp-content\/themes\/appset\/images\/logo.png","id":"","height":"","width":"","thumbnail":"","title":"","caption":"","alt":"","description":""},"logo_white":{"url":"http:\/\/jthemes.org\/wp\/appset\/demos\/wp-content\/themes\/appset\/images\/logo-white.png","id":"","height":"","width":"","thumbnail":"","title":"","caption":"","alt":"","description":""},"logo_dimensions":{"width":"125px","height":"30px","units":"px"},"logo_text":"Appset","navbar_style":"style1","nav_bg_class":"bg-tra","nav_bg_type":"dark-color","nav_bg_color":"","nav_bg_gradient":{"from":"#1e73be","to":"#00897e"},"nav_bg_gradient_type":"linear","header_sticky_nav":"1","nav_style_scroll":"black-scroll","header_search_display":"","nav_search_placeholder":"What are you looking for?","header_social_icons_display":"","header_social_icons":["0"],"header_button_display":"1","header_buttons":["8"],"title_display":"1","header_bg_style":"solid","header_bg_class":"bg-grey","header_bg_type":"dark-color","header_bg_color":"#efefef","header_bg_gradient":{"from":"#528cbf","to":"transparent"},"header_bg_gradient_type":"linear","header_parallax_switch":"0","header_parallax_bg":{"background-repeat":"","background-clip":"","background-origin":"","background-size":"cover","background-attachment":"","background-position":"","background-image":"http:\/\/jthemes.org\/wp\/appset\/demos\/wp-content\/uploads\/2018\/11\/download-3.jpg","media":{"id":"286","height":"1080","width":"1920","thumbnail":"http:\/\/jthemes.org\/wp\/appset\/demos\/wp-content\/uploads\/2018\/11\/download-3-150x150.jpg"}},"header_parallax_opacity":"0.1","footer_bg_class":"bg-tra","footer_bg_type":"dark-color","footer_bg_color":"","footer_bg_gradient":{"from":"#1e73be","to":"#00897e"},"footer_bg_gradient_type":"linear","newsletter_area":"1","newsletter_title":"Subscribe to AppSet Update","newsletter_subtitle":"Aliquam a augue suscipit, luctus neque purus ipsum neque dolor primis libero tempus, tempor posuere ligula varius","newsletter_placeholder":"Your email address","newsletter_footer":"We don\u2019t share your personal information with anyone. Check out our <a href=\"#\">Privacy Policy<\/a> for more information","newsletter_bg_class":"bg-lightgrey","newsletter_bg_type":"dark-color","newsletter_bg_color":"","newsletter_bg_gradient":{"from":"#1e73be","to":"#00897e"},"newsletter_bg_gradient_type":"linear","newsletter_parallax_switch":"","newsletter_bg":{"background-repeat":"","background-clip":"","background-origin":"","background-size":"cover","background-attachment":"","background-position":"","background-image":"","media":{"id":"","height":"","width":"","thumbnail":""}},"newsletter_parallax_opacity":"1","footer_widget_area":"1","footer_widget_area_column":"4","footer_copyright_bar":"1","copyright_text":"<p>\u00a9 2019 Appset. All Rights Reserved<\/p>","blog_layout":"rs","blog_layout_sidebar":"sidebar-post","sticky_post_text":"Sticky","post_meta_display":"on","excerpt_length":"40","read_more_text":"More Details","next_post_text":"Next","prev_post_text":"Previous","single_post_header":"off","single_layout":"rs","single_layout_sidebar":"sidebar-post","single_post_share":"on","realted_post_display":"on","related_title":"Related Posts","realted_post_base":"tag","body":{"font-family":"Roboto","font-options":"","google":"1","font-backup":"","font-weight":"300","font-style":"","subsets":"","font-size":"16px","color":"#333"},"heading":{"font-family":"Montserrat","font-options":"","google":"1","font-backup":"","font-weight":"700","font-style":"","subsets":"","letter-spacing":"0px","color":"#222"},"logo_text_typo":{"font-family":"","font-options":"","google":"1","font-weight":"","font-style":"","subsets":"","text-align":"","text-transform":"","font-size":"3rem","line-height":"3rem","letter-spacing":"","color":""},"p":{"font-family":"","font-options":"","google":"1","font-weight":"","font-style":"","subsets":"","font-size":"1rem","line-height":"","letter-spacing":"","color":""},"p-sm":{"font-family":"","font-options":"","google":"1","font-weight":"","font-style":"","subsets":"","font-size":"0.95rem","line-height":"","letter-spacing":"","color":""},"p-md":{"font-family":"","font-options":"","google":"1","font-weight":"","font-style":"","subsets":"","font-size":"1.125rem","line-height":"","letter-spacing":"","color":""},"p-lg":{"font-family":"","font-options":"","google":"1","font-weight":"","font-style":"","subsets":"","font-size":"1.25rem","line-height":"","letter-spacing":"","color":""},"p-xl":{"font-family":"","font-options":"","google":"1","font-weight":"","font-style":"","subsets":"","font-size":"1.3175rem","line-height":"","letter-spacing":"","color":""},"h1-xs":{"font-family":"","font-options":"","google":"1","font-weight":"","font-style":"","subsets":"","font-size":"","line-height":"","letter-spacing":"","color":""},"h1-sm":{"font-family":"","font-options":"","google":"1","font-weight":"","font-style":"","subsets":"","font-size":"","line-height":"","letter-spacing":"","color":""},"h1-md":{"font-family":"","font-options":"","google":"1","font-weight":"","font-style":"","subsets":"","font-size":"","line-height":"","letter-spacing":"","color":""},"h1-lg":{"font-family":"","font-options":"","google":"1","font-weight":"","font-style":"","subsets":"","font-size":"","line-height":"","letter-spacing":"","color":""},"h1-xl":{"font-family":"","font-options":"","google":"1","font-weight":"","font-style":"","subsets":"","font-size":"","line-height":"","letter-spacing":"","color":""},"h1-huge":{"font-family":"","font-options":"","google":"1","font-weight":"","font-style":"","subsets":"","font-size":"","line-height":"","letter-spacing":"","color":""},"h2-xs":{"font-family":"","font-options":"","google":"1","font-weight":"","font-style":"","subsets":"","font-size":"","line-height":"","letter-spacing":"","color":""},"h2-sm":{"font-family":"","font-options":"","google":"1","font-weight":"","font-style":"","subsets":"","font-size":"","line-height":"","letter-spacing":"","color":""},"h2-md":{"font-family":"","font-options":"","google":"1","font-weight":"","font-style":"","subsets":"","font-size":"","line-height":"","letter-spacing":"","color":""},"h2-lg":{"font-family":"","font-options":"","google":"1","font-weight":"","font-style":"","subsets":"","font-size":"","line-height":"","letter-spacing":"","color":""},"h2-xl":{"font-family":"","font-options":"","google":"1","font-weight":"","font-style":"","subsets":"","font-size":"","line-height":"","letter-spacing":"","color":""},"h2-huge":{"font-family":"","font-options":"","google":"1","font-weight":"","font-style":"","subsets":"","font-size":"","line-height":"","letter-spacing":"","color":""},"h3-xs":{"font-family":"","font-options":"","google":"1","font-weight":"","font-style":"","subsets":"","font-size":"","line-height":"","letter-spacing":"","color":""},"h3-sm":{"font-family":"","font-options":"","google":"1","font-weight":"","font-style":"","subsets":"","font-size":"","line-height":"","letter-spacing":"","color":""},"h3-md":{"font-family":"","font-options":"","google":"1","font-weight":"","font-style":"","subsets":"","font-size":"","line-height":"","letter-spacing":"","color":""},"h3-lg":{"font-family":"","font-options":"","google":"1","font-weight":"","font-style":"","subsets":"","font-size":"","line-height":"","letter-spacing":"","color":""},"h3-xl":{"font-family":"","font-options":"","google":"1","font-weight":"","font-style":"","subsets":"","font-size":"","line-height":"","letter-spacing":"","color":""},"h3-huge":{"font-family":"","font-options":"","google":"1","font-weight":"","font-style":"","subsets":"","font-size":"","line-height":"","letter-spacing":"","color":""},"h4-xs":{"font-family":"","font-options":"","google":"1","font-weight":"","font-style":"","subsets":"","font-size":"","line-height":"","letter-spacing":"","color":""},"h4-sm":{"font-family":"","font-options":"","google":"1","font-weight":"","font-style":"","subsets":"","font-size":"","line-height":"","letter-spacing":"","color":""},"h4-md":{"font-family":"","font-options":"","google":"1","font-weight":"","font-style":"","subsets":"","font-size":"","line-height":"","letter-spacing":"","color":""},"h4-lg":{"font-family":"","font-options":"","google":"1","font-weight":"","font-style":"","subsets":"","font-size":"","line-height":"","letter-spacing":"","color":""},"h4-xl":{"font-family":"","font-options":"","google":"1","font-weight":"","font-style":"","subsets":"","font-size":"","line-height":"","letter-spacing":"","color":""},"h4-huge":{"font-family":"","font-options":"","google":"1","font-weight":"","font-style":"","subsets":"","font-size":"","line-height":"","letter-spacing":"","color":""},"h5-xs":{"font-family":"","font-options":"","google":"1","font-weight":"","font-style":"","subsets":"","font-size":"","line-height":"","letter-spacing":"","color":""},"h5-sm":{"font-family":"","font-options":"","google":"1","font-weight":"","font-style":"","subsets":"","font-size":"","line-height":"","letter-spacing":"","color":""},"h5-md":{"font-family":"","font-options":"","google":"1","font-weight":"","font-style":"","subsets":"","font-size":"","line-height":"","letter-spacing":"","color":""},"h5-lg":{"font-family":"","font-options":"","google":"1","font-weight":"","font-style":"","subsets":"","font-size":"","line-height":"","letter-spacing":"","color":""},"h5-xl":{"font-family":"","font-options":"","google":"1","font-weight":"","font-style":"","subsets":"","font-size":"","line-height":"","letter-spacing":"","color":""},"h5-huge":{"font-family":"","font-options":"","google":"1","font-weight":"","font-style":"","subsets":"","font-size":"","line-height":"","letter-spacing":"","color":""},"menu_a":{"font-family":"Montserrat","font-options":"","google":"1","font-weight":"600","font-style":"","subsets":"","text-transform":"","font-size":"0.85rem","line-height":"","letter-spacing":"","color":""},"submenu_a":{"font-family":"","font-options":"","google":"1","font-weight":"500","font-style":"","subsets":"","text-transform":"","font-size":"1rem","line-height":"","letter-spacing":"","color":""},"submenu_ul_a":{"font-family":"","font-options":"","google":"1","font-weight":"500","font-style":"","subsets":"","text-transform":"","font-size":"1rem","line-height":"","letter-spacing":"","color":""},"primary_color":"#48af4b","primary_color_2":"#469248","secondary_color":"#222222","white_color_alt":"#f0f0f0","redux-backup":"1"}