<wpml-config>
  <custom-types>
    <custom-type translate="1">portfolio</custom-type>
    <custom-type translate="1">team</custom-type>
    <custom-type translate="1">product</custom-type>
    <custom-type translate="1">product_variation</custom-type>
    <custom-type translate="1">shop_order</custom-type>
    <custom-type translate="1">shop_order_refund</custom-type>
    <custom-type translate="1">shop_coupon</custom-type>
    <custom-type translate="1">wpcf7_contact_form</custom-type>
  </custom-types>
  <taxonomies>
    <taxonomy translate="1">portfolio_category</taxonomy>
    <taxonomy translate="1">tag</taxonomy>
    <taxonomy translate="1">product_type</taxonomy>
    <taxonomy translate="1">product_visibility</taxonomy>
    <taxonomy translate="1">product_cat</taxonomy>
    <taxonomy translate="1">product_tag</taxonomy>
    <taxonomy translate="1">product_shipping_class</taxonomy>
  </taxonomies>
</wpml-config>